"","Date_UTC","ClickTime_UTC","clickDepth_m","fit_line","lwr_CI_99","upr_CI_99"
"1","2016-07-25","2016-07-25_21:20:12.153",241.093732534653,266.471088724681,237.672368849102,295.26980860026
"2","2016-07-25","2016-07-25_21:20:12.944",247.886113337273,266.481843963227,238.076517755719,294.887170170735
"3","2016-07-25","2016-07-25_21:20:14.931",307.653378036367,266.492382904026,239.053889230898,293.930876577154
"4","2016-07-25","2016-07-25_21:20:15.516",339.855880775978,266.491004769889,239.331265777077,293.6507437627
"5","2016-07-25","2016-07-25_21:20:17.069",230.729946759167,266.477487031285,240.044562989083,292.910411073487
"6","2016-07-25","2016-07-25_21:20:20.604",191.206844072206,266.393527045368,241.542051526103,291.245002564633
"7","2016-07-25","2016-07-25_21:20:21.089",358.774014919851,266.37626500703,241.733691497997,291.018838516064
"8","2016-07-25","2016-07-25_21:20:21.655",313.236356500196,266.354373663175,241.953085894522,290.755661431828
"9","2016-07-25","2016-07-25_21:20:23.818",188.861296132371,266.253425906221,242.749063281257,289.757788531186
"10","2016-07-25","2016-07-25_21:20:24.921",338.180543544771,266.191426892609,243.128862158058,289.25399162716
"11","2016-07-25","2016-07-25_21:20:24.984",341.778912440274,266.187671666246,243.150019352762,289.22532397973
"12","2016-07-25","2016-07-25_21:20:25.619",179.866975369781,266.14853161065,243.360026424742,288.937036796558
"13","2016-07-25","2016-07-25_21:20:26.303",194.107347315834,266.103748682306,243.579617225586,288.627880139026
"14","2016-07-25","2016-07-25_21:20:26.947",195.973965836973,266.059102108145,243.780065186146,288.338139030143
"15","2016-07-25","2016-07-25_21:21:12.510",221.481865635206,256.998826094719,242.100099167941,271.897553021497
"16","2016-07-25","2016-07-25_21:21:14.437",333.94495669216,256.368472423966,241.42091877458,271.316026073352
"17","2016-07-25","2016-07-25_21:21:14.496",209.587880769551,256.348867903147,241.399572284701,271.298163521593
"18","2016-07-25","2016-07-25_21:21:15.210",264.657977444471,256.110188278553,241.138721021569,271.081655535538
"19","2016-07-25","2016-07-25_21:21:15.878",215.271725965746,255.88449375667,240.890522688342,270.878464824998
"20","2016-07-25","2016-07-25_21:21:21.884",215.846121187486,253.752038568242,238.493047205095,269.011029931388
"21","2016-07-25","2016-07-25_21:21:22.559",318.206104678172,253.50083332203,238.20647410627,268.79519253779
"22","2016-07-25","2016-07-25_21:21:23.220",320.067309312641,253.25259148998,237.922777311028,268.582405668931
"23","2016-07-25","2016-07-25_21:21:27.967",197.000903790354,251.311488733151,235.732977139867,266.890000326435
"24","2016-07-25","2016-07-25_21:21:29.257",328.360290667857,250.736734462189,235.094295350048,266.379173574329
"25","2016-07-25","2016-07-25_21:21:29.904",322.730185054404,250.44170013454,234.767849905826,266.115550363255
"26","2016-07-25","2016-07-25_21:21:33.214",201.096079898548,248.868499330437,233.040792897412,264.696205763462
"27","2016-07-25","2016-07-25_21:21:34.512",197.000903790354,248.225576355865,232.340575505053,264.110577206678
"28","2016-07-25","2016-07-25_21:21:35.144",197.000903790354,247.907873225884,231.995565266317,263.82018118545
"29","2016-07-25","2016-07-25_21:21:35.792",330.237000849616,247.579170900421,231.639252359812,263.519089441031
"30","2016-07-25","2016-07-25_21:21:36.453",240.741262740245,247.240958763709,231.273269151981,263.208648375436
"31","2016-07-25","2016-07-25_21:21:37.150",337.057430565017,246.881327439151,230.8847714864,262.877883391901
"32","2016-07-25","2016-07-25_21:21:38.573",190.735376424653,246.138383171821,230.084163313208,262.192603030434
"33","2016-07-25","2016-07-25_21:21:39.266",322.238827264855,245.772744982325,229.691030227401,261.85445973725
"34","2016-07-25","2016-07-25_21:21:39.944",372.252679229399,245.412856710602,229.30459584092,261.521117580284
"35","2016-07-25","2016-07-25_21:21:40.625",255.903607944584,245.04941128196,228.914825535507,261.183997028413
"36","2016-07-25","2016-07-25_21:21:40.634",257.718816285786,245.044595672232,228.909664231299,261.179527113166
"37","2016-07-25","2016-07-25_21:21:41.322",257.718816285786,244.675585529575,228.51439432543,260.836776733719
"38","2016-07-25","2016-07-25_21:21:42.746",212.339829455422,243.906901721405,227.692361403053,260.121442039758
"39","2016-07-25","2016-07-25_21:21:45.595",179.753713623074,242.35513389474,226.037554949372,258.672712840109
"40","2016-07-25","2016-07-25_21:21:48.917",342.513591507912,240.537991018846,224.105714913246,256.970267124446
"41","2016-07-25","2016-07-25_21:21:49.538",184.411530141268,240.199042922587,223.745908897552,256.652176947623
"42","2016-07-25","2016-07-25_21:21:52.122",199.441424974784,238.796588674002,222.258456532279,255.334720815724
"43","2016-07-25","2016-07-25_21:21:54.818",204.99191613166,237.35537161967,220.731366909423,253.979376329918
"44","2016-07-25","2016-07-25_21:21:55.578",201.546215668595,236.946533399282,220.300264244838,253.592802553726
"45","2016-07-25","2016-07-25_21:23:02.775",179.631387260695,178.689682778497,162.478503527492,194.900862029502
"46","2016-07-25","2016-07-25_21:23:04.834",183.796591996619,177.236214095412,161.1457410029,193.326687187924
"47","2016-07-25","2016-07-25_21:23:05.540",185.232733339832,176.756360597383,160.714532823517,192.798188371249
"48","2016-07-25","2016-07-25_21:23:06.196",155.074515494029,176.319279826835,160.32608441411,192.312475239561
"49","2016-07-25","2016-07-25_21:23:06.851",150.766327292329,175.891489693261,159.950204307238,191.832775079285
"50","2016-07-25","2016-07-25_21:23:07.519",176.840429219436,175.464264004452,159.579415217822,191.349112791083
"51","2016-07-25","2016-07-25_21:23:08.901",154.915170675213,174.61020494526,158.853485680519,190.366924210002
"52","2016-07-25","2016-07-25_21:23:09.634",153.453515866951,174.173974921498,158.491500114162,189.856449728835
"53","2016-07-25","2016-07-25_21:23:11.674",249.862791995917,173.023454404875,157.570656614134,188.476252195616
"54","2016-07-25","2016-07-25_21:23:14.401",162.948397952694,171.638821526644,156.545121353766,186.732521699521
"55","2016-07-25","2016-07-25_21:23:16.553",167.127194100978,170.677433305322,155.906527586279,185.448339024365
"56","2016-07-25","2016-07-25_21:23:17.233",162.948397952694,170.398824675301,155.736445155706,185.061204194895
"57","2016-07-25","2016-07-25_21:23:17.934",168.757030173104,170.12461797486,155.577073906633,184.672162043086
"58","2016-07-25","2016-07-25_21:23:18.657",168.757030173104,169.855859177288,155.429644203116,184.28207415146
"59","2016-07-25","2016-07-25_21:23:19.410",212.036082776826,169.591367426604,155.294306774304,183.888428078904
"60","2016-07-25","2016-07-25_21:23:20.144",187.51088443091,169.348938168679,155.180138654575,183.517737682783
"61","2016-07-25","2016-07-25_21:23:20.842",226.749871634171,169.132715413365,155.087666661736,183.177764164995
"62","2016-07-25","2016-07-25_21:23:21.528",145.95974087967,168.934014231297,155.011878424714,182.85615003788
"63","2016-07-25","2016-07-25_21:23:23.619",145.95974087967,168.414845420749,154.870466981448,181.95922386005
"64","2016-07-25","2016-07-25_21:23:24.329",150.211563599386,168.268893814636,154.85191838611,181.685869243161
"65","2016-07-25","2016-07-25_21:23:25.046",139.880919247877,168.137477236442,154.847551901831,181.427402571053
"66","2016-07-25","2016-07-25_21:23:25.753",148.274910664773,168.025208109869,154.858935862132,181.191480357605
"67","2016-07-25","2016-07-25_21:23:26.414",177.347463935098,167.9364707173,154.884350016338,180.988591418262
"68","2016-07-25","2016-07-25_21:23:27.078",218.59943550097,167.862187357106,154.922660923047,180.801713791164
"69","2016-07-25","2016-07-25_21:23:27.788",145.723092756262,167.798196864574,154.975998853591,180.620394875556
"70","2016-07-25","2016-07-25_21:23:28.520",148.472964331395,167.747770352852,155.042340091508,180.453200614195
"71","2016-07-25","2016-07-25_21:23:29.223",147.098026787976,167.713072379931,155.11491195688,180.311232802983
"72","2016-07-25","2016-07-25_21:23:29.894",137.082950694112,167.691490714927,155.190500659155,180.1924807707
"73","2016-07-25","2016-07-25_21:23:31.167",179.05397972397,167.67810052988,155.344983730018,180.011217329742
"74","2016-07-25","2016-07-25_21:23:31.848",181.852162666799,167.68393311751,155.43053496715,179.93733126787
"75","2016-07-25","2016-07-25_21:23:35.957",181.50286044252,167.849163354948,155.896168791317,179.802157918579
"76","2016-07-25","2016-07-25_21:23:36.630",140.694618401929,167.888327159977,155.95244285842,179.824211461534
"77","2016-07-25","2016-07-25_21:23:37.275",215.277511711449,167.926654010887,155.998597063978,179.854710957796
"78","2016-07-25","2016-07-25_21:23:37.931",139.287492194491,167.965552165162,156.037040519821,179.894063810503
"79","2016-07-25","2016-07-25_21:23:38.585",171.901803718191,168.003376295649,156.066246333076,179.940506258221
"80","2016-07-25","2016-07-25_21:23:39.217",170.469068368613,168.038199188357,156.08534593756,179.991052439154
"81","2016-07-25","2016-07-25_21:23:40.428",169.036336721698,168.09727307184,156.095559940213,180.098986203466
"82","2016-07-25","2016-07-25_21:23:41.546",169.036336721698,168.138865921316,156.072841614901,180.204890227731
"83","2016-07-25","2016-07-25_21:23:42.426",169.036336721698,168.159923613282,156.032556889789,180.287290336776
"84","2016-07-25","2016-07-25_21:23:43.131",170.469068368613,168.1677961655,155.985803588727,180.349788742273
"85","2016-07-25","2016-07-25_21:23:43.832",169.036336721698,168.166513857784,155.926421457568,180.406606258
"86","2016-07-25","2016-07-25_21:23:44.519",169.036336721698,168.155403213084,155.855668374383,180.455138051785
"87","2016-07-25","2016-07-25_21:23:45.897",141.815138970763,168.143274637718,155.724680521169,180.561868754266
"88","2016-07-25","2016-07-25_21:23:49.107",147.050226426479,168.247888939094,155.570577183177,180.925200695012
"89","2016-07-25","2016-07-25_21:23:49.635",151.292654186005,168.278853021253,155.560326463815,180.997379578691
"90","2016-07-25","2016-07-25_21:23:50.611",166.848507756144,168.343545969895,155.548945809317,181.138146130473
"91","2016-07-25","2016-07-25_21:23:51.092",144.221959767588,168.378430398698,155.546236791671,181.210624005726
"92","2016-07-25","2016-07-25_21:23:51.589",147.050226426479,168.416176395706,155.544979307348,181.287373484064
"93","2016-07-25","2016-07-25_21:23:52.101",219.176030609431,168.456560983022,155.544959265221,181.368162700824
"94","2016-07-25","2016-07-25_21:23:52.602",171.091091034889,168.497243558994,155.545847205368,181.448639912621
"95","2016-07-25","2016-07-25_21:23:53.098",142.807831992415,168.538356649474,155.547291509846,181.529421789103
"96","2016-07-25","2016-07-25_21:23:53.415",148.464365310139,168.564932698872,155.548371914603,181.581493483142
"97","2016-07-25","2016-07-25_21:23:53.937",139.979587550501,168.608970760381,155.550195111653,181.66774640911
"98","2016-07-25","2016-07-25_21:23:54.102",144.221959767588,168.622916520659,155.55074160164,181.695091439678
"99","2016-07-25","2016-07-25_21:23:54.461",145.636091245646,168.653222837964,155.551813449147,181.754632226781
"100","2016-07-25","2016-07-25_21:23:54.614",147.050226426479,168.666102535327,155.552204053564,181.78000101709
"101","2016-07-25","2016-07-25_21:23:55.144",145.636091245646,168.710399081003,155.55313351636,181.867664645647
"102","2016-07-25","2016-07-25_21:23:57.375",146.614942866407,168.88422959941,155.545000514967,182.223458683853
"103","2016-07-25","2016-07-25_21:23:57.950",167.969971150745,168.923563761491,155.538529313905,182.308598209077
"104","2016-07-25","2016-07-25_21:23:59.092",148.038585019783,168.991935644989,155.518983533098,182.46488775688
"105","2016-07-25","2016-07-25_21:23:59.607",152.309534107507,169.017762124305,155.506993292315,182.528530956295
"106","2016-07-25","2016-07-25_21:24:00.529",148.147758187492,169.054855289909,155.480191836008,182.629518743809
"107","2016-07-25","2016-07-25_21:24:00.938",164.92182411758,169.067149870217,155.466003566799,182.668296173636
"108","2016-07-25","2016-07-25_21:24:02.329",146.749943428319,169.087097000383,155.406472596024,182.767721404742
"109","2016-07-25","2016-07-25_21:24:12.459",179.327275028274,169.148417399374,155.265480035294,183.031354763454
"110","2016-07-25","2016-07-25_21:24:12.966",219.339588651023,169.154479999134,155.225676952984,183.083283045284
"111","2016-07-25","2016-07-25_21:24:13.467",144.836400629014,169.160790724169,155.180519506355,183.141061941984
"112","2016-07-25","2016-07-25_21:24:13.957",237.277153907533,169.167275579315,155.130897282095,183.203653876535
"113","2016-07-25","2016-07-25_21:24:14.447",177.947595618244,169.174074652164,155.076117881731,183.272031422597
"114","2016-07-25","2016-07-25_21:24:14.936",255.215344943138,169.181178051758,155.016636684105,183.345719419411
"115","2016-07-25","2016-07-25_21:24:15.459",235.89731897845,169.189132734192,154.948169280636,183.430096187749
"116","2016-07-25","2016-07-25_21:24:16.015",289.169009749922,169.198001042829,154.870557690825,183.525444394832
"117","2016-07-25","2016-07-25_21:24:16.608",147.427974479339,169.207935108119,154.783255542507,183.632614673731
"118","2016-07-25","2016-07-25_21:24:17.237",170.333065264949,169.219018387086,154.686849934703,183.75118683947
"119","2016-07-25","2016-07-25_21:24:17.897",156.017268255294,169.231263630093,154.583182293529,183.879344966657
"120","2016-07-25","2016-07-25_21:24:18.526",148.348564069106,169.243531455832,154.483789884504,184.00327302716
"121","2016-07-25","2016-07-25_21:24:19.091",166.718476178097,169.255057191155,154.395560604741,184.11455377757
"122","2016-07-25","2016-07-25_21:24:19.604",152.587716921517,169.265943701147,154.31753393086,184.214353471435
"123","2016-07-25","2016-07-25_21:24:20.066",149.761611177629,169.27609617023,154.24988693869,184.30230540177
"124","2016-07-25","2016-07-25_21:24:21.114",146.935520802864,169.300371958333,154.11003034609,184.490713570576
"125","2016-07-25","2016-07-25_21:24:21.999",183.67589446793,169.322247726853,154.012297956653,184.632197497054
"126","2016-07-25","2016-07-25_21:24:22.279",166.718476178097,169.329436270085,153.986261628427,184.672610911743
"127","2016-07-25","2016-07-25_21:24:22.885",268.471285255894,169.34544114522,153.939253160607,184.751629129833
"128","2016-07-25","2016-07-25_21:24:23.210",166.718476178097,169.354278994788,153.919799475645,184.788758513931
"129","2016-07-25","2016-07-25_21:24:24.782",145.606730246561,169.399586510012,153.892106290484,184.907066729541
"130","2016-07-25","2016-07-25_21:24:26.358",187.216289999977,169.315091944934,153.838658890338,184.791524999531
"131","2016-07-25","2016-07-25_21:24:40.459",133.330003329422,162.691713718635,149.307942101639,176.075485335631
"132","2016-07-25","2016-07-25_21:24:41.160",138.31653926755,162.375760568555,149.076811344387,175.674709792723
"133","2016-07-25","2016-07-25_21:24:41.855",237.512040542548,162.089300719555,148.866341497213,175.312259941896
"134","2016-07-25","2016-07-25_21:24:42.516",139.62160685028,161.844735436885,148.686431111666,175.003039762103
"135","2016-07-25","2016-07-25_21:24:44.420",149.998971126976,161.319231497755,148.306340987683,174.332122007827
"136","2016-07-25","2016-07-25_21:24:45.049",133.330003329422,161.212657054038,148.235258289347,174.190055818729
"137","2016-07-25","2016-07-25_21:24:45.677",167.950842542168,161.143701801673,148.196154092678,174.091249510668
"138","2016-07-25","2016-07-25_21:24:46.312",153.84574175895,161.114603826268,148.19209215376,174.037115498776
"139","2016-07-25","2016-07-25_21:24:46.957",176.164975723197,161.129544926166,148.2277970281,174.031292824232
"140","2016-07-25","2016-07-25_21:24:47.627",156.587816378221,161.195469872974,148.31108613316,174.079853612788
"141","2016-07-25","2016-07-25_21:24:48.342",156.587816378221,161.325891327865,148.456308323382,174.195474332349
"142","2016-07-25","2016-07-25_21:24:49.667",151.367378752686,161.743986601221,148.895596358595,174.592376843848
"143","2016-07-25","2016-07-25_21:24:50.986",142.979287016963,162.407689813467,149.579050561698,175.236329065235
"144","2016-07-25","2016-07-25_21:24:51.668",140.355417657357,162.855424997605,150.039129885631,175.671720109579
"145","2016-07-25","2016-07-25_21:24:52.318",156.098855985083,163.352389220899,150.55054154389,176.154236897909
"146","2016-07-25","2016-07-25_21:24:52.963",137.731563109097,163.91609676434,151.132094206641,176.700099322039
"147","2016-07-25","2016-07-25_21:24:53.644",137.731563109097,164.590586814326,151.830160963929,177.351012664723
"148","2016-07-25","2016-07-25_21:24:54.375",140.355417657357,165.408871595123,152.68020031065,178.137542879596
"149","2016-07-25","2016-07-25_21:24:55.094",140.355417657357,166.312718783282,153.622753855342,179.002683711222
"150","2016-07-25","2016-07-25_21:24:55.753",157.410833247451,167.230622736364,154.583342941833,179.877902530895
"151","2016-07-25","2016-07-25_21:24:56.441",139.043488531853,168.251136412079,155.657045384906,180.845227439253
"152","2016-07-25","2016-07-25_21:24:57.125",139.043488531853,169.297501338546,156.764131449836,181.830871227257
"153","2016-07-25","2016-07-25_21:24:57.786",156.098855985083,170.337548853871,157.867804564388,182.807293143353
"154","2016-07-25","2016-07-25_21:24:58.440",156.098855985083,171.393323866773,158.988959384347,183.7976883492
"155","2016-07-25","2016-07-25_21:24:59.801",157.647711663599,173.670657441635,161.400427822403,185.940887060867
"156","2016-07-25","2016-07-25_21:25:00.532",156.311493487738,174.935670129942,162.731322579675,187.14001768021
"157","2016-07-25","2016-07-25_21:25:01.259",154.614683500666,176.220708786845,164.07445755588,188.36696001781
"158","2016-07-25","2016-07-25_21:25:01.940",171.797279503348,177.447404078851,165.347109732519,189.547698425184
"159","2016-07-25","2016-07-25_21:25:02.608",190.302326430489,178.670978345675,166.606582041329,190.73537465002
"160","2016-07-25","2016-07-25_21:25:03.279",150.377723991867,179.919034924423,167.880735948379,191.957333900467
"161","2016-07-25","2016-07-25_21:25:03.967",166.947858147699,181.217166151052,169.194834920847,193.239497381257
"162","2016-07-25","2016-07-25_21:25:04.687",166.947858147699,182.594234877895,170.576928226127,194.611541529664
"163","2016-07-25","2016-07-25_21:25:05.428",201.364716055729,184.029686410149,172.00563176874,196.053741051559
"164","2016-07-25","2016-07-25_21:25:06.063",225.78543630669,185.273240515792,173.234629157206,197.311851874378
"165","2016-07-25","2016-07-25_21:25:06.720",181.657630258479,186.571751366313,174.510699134377,198.632803598248
"166","2016-07-25","2016-07-25_21:25:07.381",153.106624938266,187.889182458729,175.799401537502,199.978963379956
"167","2016-07-25","2016-07-25_21:25:08.063",153.106624938266,189.258787768458,177.134690371001,201.382885165916
"168","2016-07-25","2016-07-25_21:25:09.434",191.576454608452,192.038511812,179.839547126553,204.237476497447
"169","2016-07-25","2016-07-25_21:25:10.131",227.897761171334,193.462510462251,181.227186329021,205.697834595481
"170","2016-07-25","2016-07-25_21:25:10.826",250.443531860137,194.887845718016,182.62063953184,207.155051904192
"171","2016-07-25","2016-07-25_21:25:11.510",267.231226730619,196.294561572904,184.002520912915,208.586602232893
"172","2016-07-25","2016-07-25_21:25:13.368",147.203988581632,200.253848309348,187.899813846309,212.607882772387
"173","2016-07-25","2016-07-25_21:25:13.996",243.718089078955,201.64872904254,189.270509301002,214.026948784078
"174","2016-07-25","2016-07-25_21:25:15.299",157.76285975292,204.624461670895,192.189028090435,217.059895251356
"175","2016-07-25","2016-07-25_21:25:15.969",248.623307962867,206.193930634114,193.724859916671,218.663001351557
"176","2016-07-25","2016-07-25_21:25:16.631",141.027583680347,207.768540398023,195.263149976331,220.273930819716
"177","2016-07-25","2016-07-25_21:25:17.293",172.107920650772,209.365105477797,196.820195936574,221.91001501902
"178","2016-07-25","2016-07-25_21:25:17.971",193.626444103392,211.021161164906,198.432385364228,223.609936965584
"179","2016-07-25","2016-07-25_21:25:18.703",154.176672203881,212.83068116791,200.190682516068,225.470679819753
"180","2016-07-25","2016-07-25_21:25:19.404",188.844453339984,214.582394947111,201.889655793733,227.27513410049
"181","2016-07-25","2016-07-25_21:25:20.051",154.176672203881,216.213665354296,203.469179599936,228.958151108656
"182","2016-07-25","2016-07-25_21:25:20.739",126.683599882497,217.961666822444,205.15913158342,230.764202061468
"183","2016-07-25","2016-07-25_21:25:22.157",205.736769213583,221.599429351907,208.66871541982,234.530143283995
"184","2016-07-25","2016-07-25_21:25:22.822",241.219189840192,223.317775756139,210.323761249222,236.311790263056
"185","2016-07-25","2016-07-25_21:25:23.509",203.37138497693,225.09862299813,212.037696443012,238.159549553247
"186","2016-07-25","2016-07-25_21:25:24.180",241.219189840192,226.841660892883,213.714403592607,239.96891819316
"187","2016-07-25","2016-07-25_21:25:24.871",293.265693678621,228.638472086095,215.442480952774,241.834463219416
"188","2016-07-25","2016-07-25_21:25:25.588",255.413028056277,230.502703099688,217.235615766669,243.769790432707
"189","2016-07-25","2016-07-25_21:25:26.301",274.338918980269,232.354138675661,219.017319412776,245.690957938546
"190","2016-07-25","2016-07-25_21:25:27.661",253.047353831172,235.870983169576,222.406663962826,249.335302376325
"191","2016-07-25","2016-07-25_21:25:28.322",251.864521896925,237.569609302809,224.047288351975,251.091930253644
"192","2016-07-25","2016-07-25_21:25:28.946",305.095376656834,239.164589990521,225.590693538854,252.738486442189
"193","2016-07-25","2016-07-25_21:25:32.078",271.840846429536,246.991539108404,233.224551486702,260.758526730106
"194","2016-07-25","2016-07-25_21:25:33.309",277.129805626426,250.027030454077,236.216012748399,263.838048159755
"195","2016-07-25","2016-07-25_21:25:33.944",348.597558599825,251.617624322504,237.787765319625,265.447483325382
"196","2016-07-25","2016-07-25_21:25:35.302",357.2238044426,255.073237373402,241.210987645903,268.9354871009
"197","2016-07-25","2016-07-25_21:25:36.688",308.405880456331,258.672195392632,244.786528894565,272.5578618907
"198","2016-07-25","2016-07-25_21:25:47.608",359.382830394117,289.034861166091,275.081485312791,302.988237019391
"199","2016-07-25","2016-07-25_21:25:48.359",334.452636601671,291.220241854166,277.256174118095,305.184309590238
"200","2016-07-25","2016-07-25_21:25:49.061",342.334734916478,293.270639900059,279.294532089498,307.24674771062
"201","2016-07-25","2016-07-25_21:25:53.183",364.176249625171,305.425794305931,291.330577974533,319.521010637328
"202","2016-07-25","2016-07-25_21:26:05.615",369.323919373256,342.237986380897,327.183312031365,357.292660730429
"203","2016-07-25","2016-07-25_21:26:11.782",402.718931390085,359.817082959159,344.046154339943,375.588011578375
"204","2016-07-25","2016-07-25_21:26:13.026",361.170346442381,363.254489630725,347.336085132118,379.172894129332
"205","2016-07-25","2016-07-25_21:26:20.020",400.879913913012,381.657188280386,364.990451520398,398.323925040374
"206","2016-07-25","2016-07-25_21:26:23.046",485.080923472309,389.033014634472,372.126710264965,405.939319003979
"207","2016-07-25","2016-07-25_21:26:23.640",370.171784026052,390.432592179693,373.487916135449,407.377268223937
"208","2016-07-25","2016-07-25_21:26:24.897",397.062425559679,393.33873554539,376.323463978538,410.354007112241
"209","2016-07-25","2016-07-25_21:26:25.523",394.617746358452,394.757006014905,377.712252649693,411.801759380116
"210","2016-07-25","2016-07-25_21:26:27.378",371.39404631555,398.841339925854,381.733077346981,415.949602504728
"211","2016-07-25","2016-07-25_21:26:28.710",403.654933157812,401.660189331317,384.529805549391,418.790573113243
"212","2016-07-25","2016-07-25_21:26:29.328",390.354208748391,402.93433822713,385.800744627681,420.067931826579
"213","2016-07-25","2016-07-25_21:26:29.927",390.354208748391,404.148384472659,387.016089228894,421.280679716424
"214","2016-07-25","2016-07-25_21:26:30.515",391.563346656552,405.319726718158,388.193016758933,422.446436677383
"215","2016-07-25","2016-07-25_21:26:31.091",384.308575776837,406.454311072656,389.336807927609,423.571814217704
"216","2016-07-25","2016-07-25_21:26:32.247",404.864112549988,408.714516822966,391.624957190628,425.804076455303
"217","2016-07-25","2016-07-25_21:26:48.813",432.020396407025,439.007297269498,423.19348296334,454.821111575656
"218","2016-07-25","2016-07-25_21:27:00.071",433.798748768531,457.985948952115,443.035117811065,472.936780093166
"219","2016-07-25","2016-07-25_21:27:03.545",428.026714006681,463.690779695043,448.857500866629,478.524058523458
"220","2016-07-25","2016-07-25_21:27:04.839",447.652009886097,465.804302181208,450.991542323168,480.617062039248
"221","2016-07-25","2016-07-25_21:27:06.147",454.578840397981,467.935826016351,453.130605152123,482.74104688058
"222","2016-07-25","2016-07-25_21:27:07.444",464.969336107146,470.045507401451,455.23465439618,484.856360406721
"223","2016-07-25","2016-07-25_21:27:09.226",476.514683108895,472.939392112226,458.099840797739,487.778943426714
"224","2016-07-25","2016-07-25_21:27:09.861",441.879752954156,473.969685531599,459.11418972167,488.825181341529
"225","2016-07-25","2016-07-25_21:27:12.082",440.282353648871,477.571529754173,462.63777844338,492.505281064967
"226","2016-07-25","2016-07-25_21:27:12.686",451.725572037242,478.550988886268,463.590203278787,493.511774493748
"227","2016-07-25","2016-07-25_21:27:19.940",479.190806925876,490.352031345996,474.914464680624,505.789598011369
"228","2016-07-25","2016-07-25_21:27:24.071",548.421433250687,497.142772996857,481.358533839911,512.927012153804
"229","2016-07-25","2016-07-25_21:27:27.947",473.311263328161,503.593567001142,487.482876688318,519.704257313966
"230","2016-07-25","2016-07-25_21:27:29.325",485.152755576433,505.910157151605,489.690461236745,522.129853066465
"231","2016-07-25","2016-07-25_21:27:30.842",519.170836874894,508.476556461937,492.144322709892,524.808790213982
"232","2016-07-25","2016-07-25_21:27:32.265",556.496072707728,510.900551889438,494.47175491819,527.329348860686
"233","2016-07-25","2016-07-25_21:27:36.503",490.301945409608,518.226990024037,501.579579765963,534.87440028211
"234","2016-07-25","2016-07-25_21:27:37.342",555.388805840268,519.698374184647,503.022593221035,536.374155148259
"235","2016-07-25","2016-07-25_21:27:39.484",449.108119681156,523.489498054601,506.767789590316,540.211206518886
"236","2016-07-25","2016-07-25_21:27:40.161",443.418671558191,524.700662367315,507.973532997984,541.427791736647
"237","2016-07-25","2016-07-25_21:27:42.207",509.765222337092,528.41673286355,511.705164067105,545.128301659995
"238","2016-07-25","2016-07-25_21:27:44.145",547.215505519788,532.008302057082,515.353100144065,548.663503970099
"239","2016-07-25","2016-07-25_21:27:46.627",488.888494029182,536.698811783316,520.169087238821,553.228536327811
"240","2016-07-25","2016-07-25_21:27:50.052",505.297286866497,543.314145935685,527.041086975998,559.587204895372
"241","2016-07-25","2016-07-25_21:28:12.117",572.762992724209,587.453777574768,573.47878928498,601.428765864556
"242","2016-07-25","2016-07-25_21:28:12.813",618.367218268765,588.824423155079,574.898363417134,602.750482893024
"243","2016-07-25","2016-07-25_21:28:20.059",578.524091347325,602.746888381926,589.141930905272,616.351845858579
"244","2016-07-25","2016-07-25_21:28:22.059",655.953280434993,606.449525372229,592.874787634724,620.024263109735
"245","2016-07-25","2016-07-25_21:28:22.638",654.892477978455,607.50783898517,593.937705785723,621.077972184617
"246","2016-07-25","2016-07-25_21:28:23.371",646.051182143369,608.838384478038,595.271618774561,622.405150181515
"247","2016-07-25","2016-07-25_21:28:24.078",648.210466988216,610.111618345027,596.545646387589,623.677590302464
"248","2016-07-25","2016-07-25_21:28:26.085",599.780426667586,613.668973139331,600.093659363884,627.244286914778
"249","2016-07-25","2016-07-25_21:28:26.799",617.717850637263,614.913137511823,601.330959593135,628.495315430512
"250","2016-07-25","2016-07-25_21:28:28.959",662.022888397931,618.603962437823,604.992675330591,632.215249545055
"251","2016-07-25","2016-07-25_21:28:34.654",634.050433455513,627.749195056596,614.043044774439,641.455345338753
"252","2016-07-25","2016-07-25_21:28:35.309",614.916513901826,628.741037674249,615.026380285139,642.455695063359
"253","2016-07-25","2016-07-25_21:28:35.934",675.833237618475,629.675048068069,615.953392895717,643.396703240421
"254","2016-07-25","2016-07-25_21:28:38.898",619.547438630022,633.932534304479,620.197816655956,647.667251953001
"255","2016-07-25","2016-07-25_21:28:41.602",702.720102783556,637.553802166244,623.846930144696,651.260674187791
"256","2016-07-25","2016-07-25_21:28:42.377",646.266979942921,638.542776879361,624.852712874867,652.232840883855
"257","2016-07-25","2016-07-25_21:28:43.104",641.751145082622,639.450535719409,625.780620351729,653.120451087089
"258","2016-07-25","2016-07-25_21:28:43.779",656.427833152369,640.276727496926,626.629557745703,653.923897248149
"259","2016-07-25","2016-07-25_21:28:44.417",665.573873654694,641.043232221224,627.420919125864,654.665545316584
"260","2016-07-25","2016-07-25_21:28:48.921",573.072853264985,646.082176923708,632.709025645835,659.455328201581
"261","2016-07-25","2016-07-25_21:28:52.569",708.758295078503,649.735646539372,636.618874585733,662.852418493011
"262","2016-07-25","2016-07-25_21:28:53.289",616.335148131703,650.416839827003,637.352148890888,663.481530763118
"263","2016-07-25","2016-07-25_21:28:53.755",629.578876698415,650.851226785565,637.82011732799,663.88233624314
"264","2016-07-25","2016-07-25_21:28:53.914",630.68254525895,650.998297797061,637.978605590889,664.017990003233
"265","2016-07-25","2016-07-25_21:28:54.674",640.61573201064,651.69343514844,638.727903679957,664.658966616922
"266","2016-07-25","2016-07-25_21:28:57.038",685.290541993287,653.777392499124,640.97308602335,666.581698974898
"267","2016-07-25","2016-07-25_21:28:57.687",730.111798624768,654.330198710635,641.567453812353,667.092943608917
"268","2016-07-25","2016-07-25_21:28:58.214",663.976184629129,654.773387925475,642.043337678146,667.503438172804
"269","2016-07-25","2016-07-25_21:28:58.683",657.251278214447,655.163652733677,642.461847201383,667.865458265971
"270","2016-07-25","2016-07-25_21:28:59.108",658.372086344521,655.514033434641,642.83709468055,668.190972188732
"271","2016-07-25","2016-07-25_21:29:00.437",628.111615475396,656.590623189458,643.98670145606,669.194544922856
"272","2016-07-25","2016-07-25_21:29:01.428",638.198127873237,657.375808913965,644.82141428905,669.930203538879
"273","2016-07-25","2016-07-25_21:29:02.045",688.635358240594,657.857633388441,645.331886540174,670.383380236708
"274","2016-07-25","2016-07-25_21:29:09.552",635.313151056168,663.394226781257,651.09813572232,675.690317840195
"275","2016-07-25","2016-07-25_21:29:15.111",669.345196235125,667.296958019522,655.118732070508,679.475183968536
"276","2016-07-25","2016-07-25_21:29:16.269",695.200724902654,668.11006276033,655.965698751473,680.254426769187
"277","2016-07-25","2016-07-25_21:29:16.973",607.946863643979,668.606273629311,656.485574383795,680.726972874827
"278","2016-07-25","2016-07-25_21:29:17.631",586.406440233341,669.071786008954,656.975649325378,681.16792269253
"279","2016-07-25","2016-07-25_21:29:18.328",703.496123324707,669.550157244287,657.484191082455,681.616123406119
"280","2016-07-25","2016-07-25_21:29:18.967",672.213873671859,669.962267463367,657.928231224882,681.996303701852
"281","2016-07-25","2016-07-25_21:29:20.201",711.274161820629,670.692721814038,658.728218942205,682.657224685871
"282","2016-07-25","2016-07-25_21:29:20.822",720.202888556465,671.030740129153,659.103308417965,682.95817184034
"283","2016-07-25","2016-07-25_21:29:22.964",641.169941792709,672.069517747757,660.265900648411,683.873134847102
"284","2016-07-25","2016-07-25_21:29:23.789",693.746365068228,672.426235746456,660.663756235705,684.188715257206
"285","2016-07-25","2016-07-25_21:29:24.450",736.944913980648,672.6983764833,660.964599724693,684.432153241906
"286","2016-07-25","2016-07-25_21:29:25.081",644.316549566209,672.948633682389,661.238153309373,684.659114055404
"287","2016-07-25","2016-07-25_21:29:25.713",661.054655858103,673.191565398223,661.50004100167,684.883089794775
"288","2016-07-25","2016-07-25_21:29:26.361",693.417446067889,673.434285857964,661.757431179873,685.111140536056
"289","2016-07-25","2016-07-25_21:29:27.013",698.763441413156,673.67372161522,662.006696101036,685.340747129403
"290","2016-07-25","2016-07-25_21:29:28.424",658.95666861846,674.183738977136,662.5218034727,685.845674481572
"291","2016-07-25","2016-07-25_21:29:29.020",701.549525828222,674.399156070379,662.733432691006,686.064879449751
"292","2016-07-25","2016-07-25_21:29:29.805",706.095170995729,674.686049215149,663.011012799637,686.361085630661
"293","2016-07-25","2016-07-25_21:29:30.532",652.660886108382,674.957384163597,663.270415470113,686.644352857082
"294","2016-07-25","2016-07-25_21:29:31.316",650.431130656315,675.258923171601,663.557004542506,686.960841800696
"295","2016-07-25","2016-07-25_21:29:32.078",693.91413418102,675.563690231038,663.84681357011,687.280566891966
"296","2016-07-25","2016-07-25_21:29:32.790",659.350244679408,675.861359004093,664.131694223259,687.591023784927
"297","2016-07-25","2016-07-25_21:29:33.551",662.694975835755,676.19591958043,664.455587616929,687.936251543931
"298","2016-07-25","2016-07-25_21:29:34.308",639.282583933324,676.548227981144,664.802149956767,688.294306005521
"299","2016-07-25","2016-07-25_21:29:35.023",641.51226253963,676.901320671179,665.1558738041,688.646767538258
"300","2016-07-25","2016-07-25_21:29:38.124",655.918395036977,678.559584111382,666.874773469809,690.244394752955
"301","2016-07-25","2016-07-25_21:29:39.668",695.707671608298,679.429010808356,667.791529091269,691.066492525442
"302","2016-07-25","2016-07-25_21:29:41.118",699.050687865944,680.259007891076,668.664737815482,691.853277966669
"303","2016-07-25","2016-07-25_21:29:41.875",682.335952383336,680.694442134214,669.119807028962,692.269077239467
"304","2016-07-25","2016-07-25_21:29:42.645",637.767550944981,681.137126196073,669.579234601506,692.695017790641
"305","2016-07-25","2016-07-25_21:29:43.365",645.566577412574,681.549672845655,670.003825074206,693.095520617104
"306","2016-07-25","2016-07-25_21:29:44.131",657.822570819486,681.985838940857,670.448399799696,693.523278082018
"307","2016-07-25","2016-07-25_21:29:44.977",652.251607091152,682.462715852206,670.928769454801,693.996662249611
"308","2016-07-25","2016-07-25_21:29:45.730",662.069010196128,682.881497071718,671.345260530223,694.417733613213
"309","2016-07-25","2016-07-25_21:29:46.463",679.568145951763,683.282775785473,671.739338264344,694.826213306602
"310","2016-07-25","2016-07-25_21:29:47.223",656.600728264311,683.690938401195,672.134933910557,695.246942891833
"311","2016-07-25","2016-07-25_21:29:47.976",791.147831908772,684.086155852721,672.512815930723,695.65949577472
"312","2016-07-25","2016-07-25_21:29:48.716",719.860522677192,684.464419932444,672.869685273371,696.059154591516
"313","2016-07-25","2016-07-25_21:29:50.263",656.49744094045,685.217474366545,673.566427785724,696.868520947367
"314","2016-07-25","2016-07-25_21:29:50.959",663.039194645545,685.537344379297,673.857154159124,697.217534599469
"315","2016-07-25","2016-07-25_21:29:52.332",639.411581834273,686.128858758809,674.387691710321,697.870025807297
"316","2016-07-25","2016-07-25_21:29:53.009",684.520397846411,686.399357098956,674.627849809774,698.170864388138
"317","2016-07-25","2016-07-25_21:29:53.710",681.298122943942,686.663407610892,674.861339017742,698.465476204042
"318","2016-07-25","2016-07-25_21:29:54.471",620.081231645548,686.930419051601,675.097108118465,698.763729984736
"319","2016-07-25","2016-07-25_21:29:55.119",663.26135204773,687.14071911327,675.283151739273,698.998286487267
"320","2016-07-25","2016-07-25_21:29:55.743",654.510815558773,687.327604313802,675.449331981305,699.205876646299
"321","2016-07-25","2016-07-25_21:29:58.368",661.965173365247,688.182228069674,676.219509009384,700.144947129964
"322","2016-07-25","2016-07-25_21:29:59.826",707.077255277683,688.729770069436,676.708754731831,700.75078540704
"323","2016-07-25","2016-07-25_21:30:00.539",683.551932762101,689.011890687107,676.956740703577,701.067040670637
"324","2016-07-25","2016-07-25_21:30:01.275",714.758216610607,689.31108880653,677.215765595958,701.406412017102
"325","2016-07-25","2016-07-25_21:30:03.234",687.403548009506,690.135831963682,677.903927922606,702.367736004758
"326","2016-07-25","2016-07-25_21:30:03.851",708.594781601297,690.40087929389,678.11583670325,702.685921884531
"327","2016-07-25","2016-07-25_21:30:04.453",713.056270681513,690.660483988835,678.318563334622,703.002404643047
"328","2016-07-25","2016-07-25_21:30:06.976",647.332917624849,691.741021018882,679.105788759261,704.376253278504
"329","2016-07-25","2016-07-25_21:30:08.743",723.963041635081,692.467683968266,679.57784184172,705.357526094811
"330","2016-07-25","2016-07-25_21:30:10.539",697.925809860479,693.156802030154,679.976305265639,706.33729879467
"331","2016-07-25","2016-07-25_21:30:11.150",760.278293344763,693.376077909621,680.091730031175,706.660425788068
"332","2016-07-25","2016-07-25_21:30:11.775",730.175539230713,693.590966583859,680.198864887822,706.983068279895
"333","2016-07-25","2016-07-25_21:30:13.694",672.344227949243,694.181766590783,680.45734292829,707.906190253276
"334","2016-07-25","2016-07-25_21:30:14.289",730.447115212884,694.340907476602,680.515651051284,708.166163901921
"335","2016-07-25","2016-07-25_21:30:14.914",699.749930298185,694.494338506343,680.565710180123,708.422966832564
"336","2016-07-25","2016-07-25_21:30:15.572",701.942488310465,694.639685562809,680.606014107902,708.673357017715
"337","2016-07-25","2016-07-25_21:30:17.380",675.211616437584,694.945065523501,680.651271603657,709.238859443344
"338","2016-07-25","2016-07-25_21:30:17.976",660.14321338903,695.012816670649,680.645132970848,709.380500370451
"339","2016-07-25","2016-07-25_21:30:19.121",684.402446594847,695.092808460539,680.603926210935,709.581690710142
"340","2016-07-25","2016-07-25_21:30:19.710",696.461121564361,695.106783711963,680.567563771157,709.64600365277
"341","2016-07-25","2016-07-25_21:30:20.358",666.863370324806,695.099652438272,680.51553253368,709.683772342864
"342","2016-07-25","2016-07-25_21:30:21.069",726.061622061148,695.067563176495,680.443609373003,709.691516979987
"343","2016-07-25","2016-07-25_21:30:22.296",727.157989692147,694.961223923528,680.282781404152,709.639666442904
"344","2016-07-25","2016-07-25_21:30:22.888",690.193780655413,694.887235781248,680.188730924406,709.58574063809
"345","2016-07-25","2016-07-25_21:30:23.471",682.50455872889,694.80018295999,680.085733179863,709.514632740118
"346","2016-07-25","2016-07-25_21:30:24.053",702.27721703876,694.699408079464,679.972699055663,709.426117103265
"347","2016-07-25","2016-07-25_21:30:24.637",694.587704724275,694.584529090573,679.849072357008,709.319985824138
"348","2016-07-25","2016-07-25_21:30:25.191",736.332992853469,694.462971517388,679.722392557129,709.203550477646
"349","2016-07-25","2016-07-25_21:30:25.734",757.207679061904,694.332087216726,679.589379538531,709.074794894921
"350","2016-07-25","2016-07-25_21:30:27.448",714.361109745991,693.84428168389,679.11239406614,708.576169301641
"351","2016-07-25","2016-07-25_21:30:53.305",720.957974805116,675.640652138979,661.69620427503,689.585100002929
"352","2016-07-25","2016-07-25_21:30:59.125",688.292290440463,669.634060079168,655.391481950249,683.876638208086
"353","2016-07-25","2016-07-25_21:31:03.881",670.319735566263,664.471181205001,649.822818082613,679.11954432739
"354","2016-07-25","2016-07-25_21:31:04.598",675.112327274622,663.679438975292,648.961210185412,678.397667765172
"355","2016-07-25","2016-07-25_21:31:05.966",645.267994859269,662.161930579346,647.306345461512,677.017515697181
"356","2016-07-25","2016-07-25_21:31:07.957",662.979558668999,659.941111269829,644.879601232308,675.002621307349
"357","2016-07-25","2016-07-25_21:31:10.740",697.224462680537,656.824455906758,641.474110952646,672.17480086087
"358","2016-07-25","2016-07-25_21:31:16.039",672.251101943736,650.912869766611,635.069336467493,666.756403065728
"359","2016-07-25","2016-07-25_21:31:20.744",655.114413991488,645.776444837174,629.640461527377,661.912428146972
"360","2016-07-25","2016-07-25_21:31:22.017",621.98593532913,644.417384917498,628.237090104419,660.597679730576
"361","2016-07-25","2016-07-25_21:31:26.621",637.613648958305,639.652816425058,623.47002181891,655.835611031206
"362","2016-07-25","2016-07-25_21:31:27.950",648.15281132115,638.329639684726,622.198050667986,654.461228701465
"363","2016-07-25","2016-07-25_21:31:28.664",631.758695817716,637.62983023746,621.536259884687,653.723400590233
"364","2016-07-25","2016-07-25_21:31:30.766",618.713494314519,635.49824357192,619.582386775838,651.414100368001
"365","2016-07-25","2016-07-25_21:31:31.423",634.798848177676,634.800489834446,618.960668388288,650.640311280603
"366","2016-07-25","2016-07-25_21:31:32.101",635.947830842233,634.066333125337,618.313925356536,649.818740894138
"367","2016-07-25","2016-07-25_21:31:34.801",648.586893742839,631.019918864423,615.689619567218,646.350218161628
"368","2016-07-25","2016-07-25_21:31:36.177",630.587716937702,629.405858653056,614.324095038411,644.487622267701
"369","2016-07-25","2016-07-25_21:31:37.482",669.447249640164,627.846581258145,613.012720445244,642.680442071047
"370","2016-07-25","2016-07-25_21:31:38.871",627.955699723115,626.164442647359,611.600565530607,640.728319764112
"371","2016-07-25","2016-07-25_21:31:40.213",601.383081064496,624.524950052294,610.221451082694,638.828449021894
"372","2016-07-25","2016-07-25_21:31:44.936",584.598467403872,618.755400909588,605.283099788674,632.227702030503
"373","2016-07-25","2016-07-25_21:31:46.898",605.46893340909,616.414072163213,603.217754546614,629.610389779811
"374","2016-07-25","2016-07-25_21:31:47.582",599.762760124196,615.612472049217,602.500490429234,628.724453669201
"375","2016-07-25","2016-07-25_21:31:48.917",638.566597698653,614.075380908354,601.109896662647,627.040865154061
"376","2016-07-25","2016-07-25_21:31:52.086",632.26416987031,610.610783051709,597.902961149641,623.318604953777
"377","2016-07-25","2016-07-25_21:31:52.801",691.522108832983,609.872514869654,597.207744877851,622.537284861458
"378","2016-07-25","2016-07-25_21:31:54.063",620.413756885832,608.615195070494,596.016141159693,621.214248981296
"379","2016-07-25","2016-07-25_21:31:54.694",658.336456877545,608.010071568432,595.43994406866,620.580199068204
"380","2016-07-25","2016-07-25_21:31:55.326",595.529164285278,607.420774621468,594.877679061806,619.963870181129
"381","2016-07-25","2016-07-25_21:31:57.940",586.355578911638,605.179081838761,592.73909324236,617.619070435162
"382","2016-07-25","2016-07-25_21:31:58.367",663.671919457067,604.845346758372,592.422616545771,617.268076970973
"383","2016-07-25","2016-07-25_21:31:58.553",668.358296198132,604.7030149674,592.287970935848,617.118058998951
"384","2016-07-25","2016-07-25_21:31:59.048",617.982967989065,604.333418457946,591.939454974267,616.727381941625
"385","2016-07-25","2016-07-25_21:31:59.822",651.956246564526,603.783638486037,591.429129075688,616.138147896387
"386","2016-07-25","2016-07-25_21:32:01.092",569.76996276109,602.953971168928,590.686131245758,615.221811092098
"387","2016-07-25","2016-07-25_21:32:01.776",582.416506352987,602.54192199142,590.330064904844,614.753779077997
"388","2016-07-25","2016-07-25_21:32:03.019",570.91962968584,601.850243335732,589.752400145089,613.948086526375
"389","2016-07-25","2016-07-25_21:32:03.661",573.21897484911,601.519727523236,589.485147750666,613.554307295805
"390","2016-07-25","2016-07-25_21:32:04.334",597.363009825507,601.191251394889,589.224858151817,613.157644637961
"391","2016-07-25","2016-07-25_21:32:05.013",608.860753885307,600.877265036778,588.980544212816,612.773985860739
"392","2016-07-25","2016-07-25_21:32:05.670",583.566214761752,600.588899670726,588.759439639406,612.418359702045
"393","2016-07-25","2016-07-25_21:32:06.286",521.487357381334,600.331283103436,588.563919812341,612.098646394532
"394","2016-07-25","2016-07-25_21:32:06.895",566.089987515139,600.087766286608,588.380153306006,611.79537926721
"395","2016-07-25","2016-07-25_21:32:07.503",556.111498147159,599.854802371734,588.204562345549,611.505042397918
"396","2016-07-25","2016-07-25_21:32:08.132",564.71793161654,599.62348560319,588.029568087196,611.217403119183
"397","2016-07-25","2016-07-25_21:32:08.746",562.484011964368,599.406226748838,587.863751041578,610.948702456098
"398","2016-07-25","2016-07-25_21:32:09.404",562.484011964368,599.181677520022,587.689894415283,610.673460624761
"399","2016-07-25","2016-07-25_21:32:10.719",551.536724708616,598.753990106711,587.34789053524,610.160089678181
"400","2016-07-25","2016-07-25_21:32:11.341",636.04658832557,598.559337303671,587.185873392701,609.932801214641
"401","2016-07-25","2016-07-25_21:32:11.937",570.192924239069,598.37616919885,587.028991516595,609.723346881105
"402","2016-07-25","2016-07-25_21:32:12.538",571.29037989925,598.193886973815,586.868216629836,609.519557317793
"403","2016-07-25","2016-07-25_21:32:13.145",604.930972952596,598.011349128133,586.702327351245,609.320370905021
"404","2016-07-25","2016-07-25_21:32:13.818",569.185814562999,597.80969240625,586.51329699572,609.106087816781
"405","2016-07-25","2016-07-25_21:32:21.973",569.140105013201,594.962273437335,583.518709496245,606.405837378425
"406","2016-07-25","2016-07-25_21:32:22.640",570.227172061701,594.68821207391,583.230470415369,606.14595373245
"407","2016-07-25","2016-07-25_21:32:23.289",564.79187193567,594.46154865802,582.993468509245,605.929628806794
"408","2016-07-25","2016-07-25_21:32:23.946",560.44369504462,594.268333908066,582.792527143312,605.744140672819
"409","2016-07-25","2016-07-25_21:32:24.608",555.008552943154,594.106526781618,582.624971425013,605.588082138223
"410","2016-07-25","2016-07-25_21:32:25.279",602.840816437955,593.972051181871,582.485996258583,605.458106105159
"411","2016-07-25","2016-07-25_21:32:25.917",667.606096805713,593.867927125539,582.378168346596,605.357685904481
"412","2016-07-25","2016-07-25_21:32:26.631",568.045720165573,593.774287675572,582.28032646619,605.268248884954
"413","2016-07-25","2016-07-25_21:32:27.272",656.542403474199,593.706782178849,582.208432869394,605.205131488305
"414","2016-07-25","2016-07-25_21:32:27.887",570.257858542501,593.653196754851,582.149671157429,605.156722352273
"415","2016-07-25","2016-07-25_21:32:28.499",585.743227374012,593.607474750271,582.097550587498,605.117398913044
"416","2016-07-25","2016-07-25_21:32:29.107",658.226078702551,593.566389310681,582.0486546895,605.084123931862
"417","2016-07-25","2016-07-25_21:32:29.727",563.344843648334,593.525681140623,581.998344149592,605.053018131654
"418","2016-07-25","2016-07-25_21:32:31.085",694.891897654225,593.424523610956,581.870187488213,604.978859733699
"419","2016-07-25","2016-07-25_21:32:31.720",554.720602486763,593.363866453108,581.794250950956,604.933481955261
"420","2016-07-25","2016-07-25_21:32:32.359",647.442773798652,593.289243230483,581.702794358461,604.875692102505
"421","2016-07-25","2016-07-25_21:32:33.006",549.33056395875,593.196077876792,581.591378125758,604.800777627827
"422","2016-07-25","2016-07-25_21:32:33.641",584.906413180411,593.083769126922,581.460311998801,604.707226255043
"423","2016-07-25","2016-07-25_21:32:34.286",636.659814119048,592.944817796485,581.301836730833,604.587798862137
"424","2016-07-25","2016-07-25_21:32:34.940",604.31300642662,592.774503850597,581.111667175196,604.437340525999
"425","2016-07-25","2016-07-25_21:32:35.618",565.633653398229,592.562501293859,580.879486013839,604.245516573879
"426","2016-07-25","2016-07-25_21:32:36.078",648.335326662639,592.395936964887,580.699703417166,604.092170512609
"427","2016-07-25","2016-07-25_21:32:36.838",563.513369258064,592.130029265648,580.413016304969,603.847042226327
"428","2016-07-25","2016-07-25_21:32:37.437",542.311274714308,591.955032004128,580.222336883905,603.687727124351
"429","2016-07-25","2016-07-25_21:32:38.028",543.37134719079,591.810753680339,580.06288448424,603.558622876437
"430","2016-07-25","2016-07-25_21:32:38.625",688.633367587931,591.692252066146,579.92904860002,603.455455532272
"431","2016-07-25","2016-07-25_21:32:41.891",562.15643859312,591.467362946185,579.605340802221,603.32938509015
"432","2016-07-25","2016-07-25_21:32:42.523",576.104280336258,591.494458139685,579.60746980908,603.381446470291
"433","2016-07-25","2016-07-25_21:32:43.157",593.992165201685,591.540683949798,579.625851312204,603.455516587392
"434","2016-07-25","2016-07-25_21:32:43.809",602.410327298709,591.606365691193,579.65963657577,603.553094806616
"435","2016-07-25","2016-07-25_21:32:45.798",651.080852465819,591.901667026753,579.834294451482,603.969039602025
"436","2016-07-25","2016-07-25_21:32:46.427",598.861776091572,592.018948143595,579.905454212573,604.132442074616
"437","2016-07-25","2016-07-25_21:32:47.066",582.54494590973,592.146977150335,579.982527729982,604.311426570688
"438","2016-07-25","2016-07-25_21:32:47.710",567.316605212212,592.283346200078,580.063342637872,604.503349762284
"439","2016-07-25","2016-07-25_21:32:49.066",512.935197739378,592.586775182231,580.236283064059,604.937267300403
"440","2016-07-25","2016-07-25_21:32:49.717",640.340922320826,592.736524567907,580.317178978021,605.155870157794
"441","2016-07-25","2016-07-25_21:32:50.392",563.3940924099,592.891972953521,580.39731187069,605.386634036352
"442","2016-07-25","2016-07-25_21:32:51.733",567.790598422962,593.193483286703,580.538742020731,605.848224552675
"443","2016-07-25","2016-07-25_21:32:55.736",546.017224177858,593.895415919221,580.715538423773,607.07529341467
"444","2016-07-25","2016-07-25_21:32:56.273",569.407299428651,593.951387815407,580.700555521308,607.202220109506
"445","2016-07-25","2016-07-25_21:32:57.078",633.206628306457,594.012081451108,580.656908788423,607.367254113792
"446","2016-07-25","2016-07-25_21:32:57.729",583.229467211001,594.038740641298,580.601755771897,607.4757255107
"447","2016-07-25","2016-07-25_21:33:02.378",581.051483664811,593.48239461783,579.591687226627,607.373102009033
"448","2016-07-25","2016-07-25_21:33:03.782",736.454706762373,592.994777521939,579.03536196759,606.954193076287
"449","2016-07-25","2016-07-25_21:33:07.140",541.36618420521,591.577350571091,577.555159945645,605.599541196538
"450","2016-07-25","2016-07-25_21:33:07.808",608.96570856298,591.284428225852,577.259993088343,605.308863363361
"451","2016-07-25","2016-07-25_21:33:10.913",569.69969456659,589.869344921619,575.8595476576,603.879142185639
"452","2016-07-25","2016-07-25_21:33:11.687",726.333111826797,589.501936771178,575.498900050254,603.504973492103
"453","2016-07-25","2016-07-25_21:33:19.776",591.590356659424,585.252562241611,571.196590184254,599.308534298968
"454","2016-07-25","2016-07-25_21:33:21.855",561.395299517389,584.02358534455,569.873808062282,598.173362626818
"455","2016-07-25","2016-07-25_21:33:22.517",572.564329455764,583.619144705914,569.430003396268,597.808286015561
"456","2016-07-25","2016-07-25_21:33:23.174",571.429668738966,583.211294897737,568.978369579067,597.444220216408
"457","2016-07-25","2016-07-25_21:33:27.062",661.755395348696,580.659531572546,566.07030199096,595.248761154131
"458","2016-07-25","2016-07-25_21:33:33.673",567.237757429519,575.724146870774,560.199811082409,591.248482659138
"459","2016-07-25","2016-07-25_21:33:34.950",723.066929535553,574.676026028301,558.93973319911,590.412318857492
"460","2016-07-25","2016-07-25_21:33:38.148",629.536398518387,571.905540386597,555.625713851328,588.185366921866
"461","2016-07-25","2016-07-25_21:33:41.000",573.177181816225,569.250403480602,552.499732368662,586.001074592543
"462","2016-07-25","2016-07-25_21:33:42.634",583.196039970586,567.646950939721,550.645838415441,584.648063464001
"463","2016-07-25","2016-07-25_21:33:48.415",490.233859944345,561.462566178948,543.792223865608,579.132908492288
"464","2016-07-25","2016-07-25_21:33:49.035",561.024167499934,560.749740866806,543.034909956664,578.464571776948
"465","2016-07-25","2016-07-25_21:33:49.658",557.298061909505,560.023418359589,542.270372103886,577.776464615291
"466","2016-07-25","2016-07-25_21:33:50.296",554.814010030041,559.269063855615,541.483926378224,577.054201333005
"467","2016-07-25","2016-07-25_21:33:50.967",585.865723088215,558.46406167386,540.653194442263,576.274928905458
"468","2016-07-25","2016-07-25_21:33:52.247",515.737026228192,556.894926368172,539.058994386781,574.730858349564
"469","2016-07-25","2016-07-25_21:33:52.848",573.923227434889,556.142797458498,538.306485755764,573.979109161232
"470","2016-07-25","2016-07-25_21:33:56.805",595.51010271022,550.732972593182,533.051086200146,568.414858986219
"471","2016-07-25","2016-07-25_21:33:57.437",567.869515604965,549.794935357901,532.160468100641,567.429402615161
"472","2016-07-25","2016-07-25_21:33:59.305",415.410809733151,546.91399722021,529.452145645601,564.375848794819
"473","2016-07-25","2016-07-25_21:34:04.263",564.362018755003,538.572127319819,521.765408967815,555.378845671824
"474","2016-07-25","2016-07-25_21:34:16.841",533.645541782223,514.405599867614,499.829243531391,528.981956203838
"475","2016-07-25","2016-07-25_21:34:18.752",528.306043273417,510.549063947919,496.28920094934,524.808926946498
"476","2016-07-25","2016-07-25_21:34:21.710",508.515452715949,504.573150603239,490.750881983726,518.395419222752
"477","2016-07-25","2016-07-25_21:34:29.253",448.28374981855,489.649839104934,476.554346723327,502.74533148654
"478","2016-07-25","2016-07-25_21:34:30.395",387.49758662096,487.471197056768,474.431649551192,500.510744562343
"479","2016-07-25","2016-07-25_21:34:35.371",467.843603757021,478.374521343221,465.427178139616,491.321864546825
"480","2016-07-25","2016-07-25_21:34:40.040",453.133298232488,470.59863946037,457.570737493293,483.626541427447
"481","2016-07-25","2016-07-25_21:34:40.668",453.133298232488,469.621058854683,456.575271649558,482.666846059808
"482","2016-07-25","2016-07-25_21:34:41.315",453.133298232488,468.632591500492,455.567504497907,481.697678503077
"483","2016-07-25","2016-07-25_21:34:41.924",451.815415236292,467.72002398323,454.636227987438,480.803819979022
"484","2016-07-25","2016-07-25_21:34:42.529",455.769075333202,466.831072638955,453.728424239613,479.933721038298
"485","2016-07-25","2016-07-25_21:34:43.736",460.166037264997,465.111943670719,451.971880021464,478.252007319974
"486","2016-07-25","2016-07-25_21:34:45.579",446.743838643362,462.634023477794,449.441146829295,475.826900126292
"487","2016-07-25","2016-07-25_21:34:46.733",467.062110791276,461.178140461184,447.957502285996,474.398778636373
"488","2016-07-25","2016-07-25_21:34:47.306",464.473203444884,460.483881316928,447.251603527343,473.716159106513
"489","2016-07-25","2016-07-25_21:34:49.733",453.011892593553,457.764768196233,444.504055445338,471.025480947128
"490","2016-07-25","2016-07-25_21:34:51.578",481.508733676036,455.951107757106,442.69731998807,469.204895526142
"491","2016-07-25","2016-07-25_21:34:54.055",454.117485081359,453.772497099413,440.553145969421,466.991848229405
"492","2016-07-25","2016-07-25_21:34:54.630",494.089776261641,453.294432286688,440.083828598163,466.505035975214
"493","2016-07-25","2016-07-25_21:34:55.197",426.138864123238,452.832516966298,439.630410050559,466.034623882037
"494","2016-07-25","2016-07-25_21:34:58.312",478.100459883331,450.448260482334,437.282853458768,463.613667505901
"495","2016-07-25","2016-07-25_21:34:58.937",452.412298584721,449.998092929919,436.836729470351,463.159456389487
"496","2016-07-25","2016-07-25_21:35:00.869",417.069312785667,448.657663733135,435.499735168809,461.815592297462
"497","2016-07-25","2016-07-25_21:35:01.533",418.369169411262,448.213133699193,435.053193779985,461.373073618402
"498","2016-07-25","2016-07-25_21:35:02.157",418.369169411262,447.802130249213,434.638916860144,460.965343638282
"499","2016-07-25","2016-07-25_21:35:02.789",418.369169411262,447.392059636274,434.224297802961,460.559821469586
"500","2016-07-25","2016-07-25_21:35:04.599",394.972296843227,446.248071728115,433.062205908813,459.433937547417
"501","2016-07-25","2016-07-25_21:35:05.220",440.467278737846,445.864564573394,432.671557311424,459.057571835365
"502","2016-07-25","2016-07-25_21:35:05.900",440.467278737846,445.449053417878,432.248268205948,458.649838629808
"503","2016-07-25","2016-07-25_21:35:06.529",435.267630700295,445.068348646065,431.86080262045,458.27589467168
"504","2016-07-25","2016-07-25_21:35:07.144",440.467278737846,444.69905586222,431.485698167217,457.912413557222
"505","2016-07-25","2016-07-25_21:35:07.769",457.36652969326,444.326295542963,431.108255194796,457.544335891131
"506","2016-07-25","2016-07-25_21:35:08.403",417.069312785667,443.950326834683,430.729245257379,457.171408411988
"507","2016-07-25","2016-07-25_21:35:09.023",422.095446716657,443.584320513626,430.362382628564,456.806258398688
"508","2016-07-25","2016-07-25_21:35:09.653",422.095446716657,443.213642161706,429.993449376207,456.433834947206
"509","2016-07-25","2016-07-25_21:35:10.259",413.53829422684,442.857834500951,429.642251875913,456.07341712599
"510","2016-07-25","2016-07-25_21:35:10.874",412.245426948039,442.497072275943,429.289549001666,455.704595550219
"511","2016-07-25","2016-07-25_21:35:11.476",412.245426948039,442.143852462454,428.947932959258,455.33977196565
"512","2016-07-25","2016-07-25_21:35:12.069",412.245426948039,441.818061534733,428.637603866809,454.998519202657
"513","2016-07-25","2016-07-25_21:35:12.684",412.245426948039,441.526460954523,428.366293890278,454.686628018767
"514","2016-07-25","2016-07-25_21:35:13.269",478.665790909607,441.291579877135,428.154500702821,454.428659051449
"515","2016-07-25","2016-07-25_21:35:14.410",476.034465610716,440.948159318693,427.865817549919,454.030501087468
"516","2016-07-25","2016-07-25_21:35:14.973",494.454042847414,440.832428852155,427.781360459539,453.883497244771
"517","2016-07-25","2016-07-25_21:35:15.546",394.470470477686,440.749641919949,427.732966923325,453.766316916573
"518","2016-07-25","2016-07-25_21:35:16.716",414.202435570824,440.685643462593,427.746133237173,453.625153688012
"519","2016-07-25","2016-07-25_21:35:23.408",488.912042066853,442.594871478371,430.163700678018,455.026042278725
"520","2016-07-25","2016-07-25_21:35:24.614",415.674693108287,443.26624795017,430.9163466265,455.616149273839
"521","2016-07-25","2016-07-25_21:35:25.842",469.527332265239,444.025858856138,431.748592709174,456.303125003102
"522","2016-07-25","2016-07-25_21:35:35.680",457.740911576435,451.570311383559,439.277093821642,463.863528945475
"523","2016-07-25","2016-07-25_21:35:36.359",456.318750661232,452.104547980061,439.764482676092,464.444613284031
"524","2016-07-25","2016-07-25_21:35:36.989",477.651560372372,452.592789133646,440.204206937219,464.981371330073
"525","2016-07-25","2016-07-25_21:35:37.607",474.80713671766,453.063313979466,440.622599553906,465.504028405026
"526","2016-07-25","2016-07-25_21:35:38.233",488.533685461631,453.530002019443,441.032104411833,466.027899627052
"527","2016-07-25","2016-07-25_21:35:38.880",485.740775815293,454.000320191486,441.438941054094,466.561699328877
"528","2016-07-25","2016-07-25_21:35:39.571",453.623379447964,454.487344748998,441.853569542776,467.12111995522
"529","2016-07-25","2016-07-25_21:35:40.269",456.416118763821,454.961348135293,442.25000031508,467.672695955507
"530","2016-07-25","2016-07-25_21:35:40.882",452.227015344306,455.361170038345,442.578343652889,468.143996423801
"531","2016-07-25","2016-07-25_21:35:42.188",472.153625422425,456.155239463379,443.211119857386,469.099359069372
"532","2016-07-25","2016-07-25_21:35:43.641",467.752840067514,456.933065073503,443.798281019249,470.067849127756
"533","2016-07-25","2016-07-25_21:35:57.463",500.362072950498,455.340124799605,440.705572526981,469.97467707223
"534","2016-07-25","2016-07-25_21:35:58.207",470.116536224428,454.65917174536,440.001146638734,469.317196851987
"535","2016-07-25","2016-07-25_21:36:02.796",459.127052578185,450.244022492727,435.505127643324,464.98291734213
"536","2016-07-25","2016-07-25_21:36:03.473",433.100432929203,449.55033448003,434.798863262086,464.301805697974
"537","2016-07-25","2016-07-25_21:36:04.148",408.605824737827,448.845072043949,434.078552502734,463.611591585163
"538","2016-07-25","2016-07-25_21:36:04.799",407.074945012028,448.151110117414,433.367095354803,462.935124880025
"539","2016-07-25","2016-07-25_21:36:06.170",430.953470896821,446.641551624256,431.808959032594,461.474144215918
"540","2016-07-25","2016-07-25_21:36:06.890",427.949215769189,445.820551812137,430.955186933717,460.685916690556
"541","2016-07-25","2016-07-25_21:36:07.594",427.949215769189,444.997555968712,430.094935365245,459.900176572179
"542","2016-07-25","2016-07-25_21:36:08.259",430.953470896821,444.200794020836,429.258157001335,459.143431040338
"543","2016-07-25","2016-07-25_21:36:08.914",385.891257743012,443.396729337879,428.410135074708,458.383323601049
"544","2016-07-25","2016-07-25_21:36:10.887",409.924007755567,440.850291092671,425.70619361593,455.994388569412
"545","2016-07-25","2016-07-25_21:36:11.526",433.957741393576,439.982715890432,424.780754631087,455.184677149778
"546","2016-07-25","2016-07-25_21:36:13.588",482.073696352431,437.026742735888,421.624257781107,452.429227690668
"547","2016-07-25","2016-07-25_21:36:14.223",434.913809909483,436.065417895531,420.59954358958,451.531292201482
"548","2016-07-25","2016-07-25_21:36:14.880",437.956271802114,435.044034584629,419.513253463121,450.574815706137
"549","2016-07-25","2016-07-25_21:36:15.559",439.477508511879,433.958940967949,418.362839605288,449.55504233061
"550","2016-07-25","2016-07-25_21:36:16.262",392.320957173666,432.802871114253,417.142226676689,448.463515551817
"551","2016-07-25","2016-07-25_21:36:17.681",415.138182230602,430.363912655537,414.587879263091,446.139946047983
"552","2016-07-25","2016-07-25_21:36:18.382",418.180544223758,429.10484706407,413.281870048159,444.927824079981
"553","2016-07-25","2016-07-25_21:36:19.032",442.519993458195,427.904107600532,412.045126184103,443.763089016962
"554","2016-07-25","2016-07-25_21:36:20.303",444.041241694745,425.460393905817,409.556014757746,441.364773053889
"555","2016-07-25","2016-07-25_21:36:20.948",445.562493773634,424.143544142191,408.230425615534,440.056662668848
"556","2016-07-25","2016-07-25_21:36:21.619",444.041241694745,422.682424748361,406.770448842601,438.594400654121
"557","2016-07-25","2016-07-25_21:36:22.335",440.998749063867,421.023671232573,405.1240194667,436.923322998447
"558","2016-07-25","2016-07-25_21:36:23.686",440.747060597013,417.624634089224,401.777754931356,433.471513247092
"559","2016-07-25","2016-07-25_21:36:24.987",368.273404423215,414.035549877329,398.27308721328,429.798012541378
"560","2016-07-25","2016-07-25_21:36:27.578",440.747060597013,406.04075956299,390.529947892319,421.551571233661
"561","2016-07-25","2016-07-25_21:36:28.249",401.48941825241,403.800872374926,388.370340974351,419.231403775501
"562","2016-07-25","2016-07-25_21:36:28.946",484.537438493884,401.405815193339,386.064044155808,416.747586230871
"563","2016-07-25","2016-07-25_21:36:29.589",374.312543899082,399.137021633153,383.881406075912,414.392637190394
"564","2016-07-25","2016-07-25_21:36:30.219",539.818291198966,396.861182933063,381.69341816819,412.028947697936
"565","2016-07-25","2016-07-25_21:36:30.848",415.202823980033,394.538877849279,379.461696467993,409.616059230565
"566","2016-07-25","2016-07-25_21:36:31.477",415.202823980033,392.168685209098,377.184433070563,407.152937347634
"567","2016-07-25","2016-07-25_21:37:05.246",188.512531230908,253.233808109993,238.939146489881,267.528469730105
"568","2016-07-25","2016-07-25_21:37:05.615",348.874485735581,252.219799132281,237.925081338696,266.514516925867
"569","2016-07-25","2016-07-25_21:37:06.953",235.568392792996,248.75111643833,234.478585981211,263.023646895448
"570","2016-07-25","2016-07-25_21:37:07.615",233.783505928807,247.160092838855,232.912430056784,261.407755620926
"571","2016-07-25","2016-07-25_21:37:08.289",264.127159482981,245.628826853357,231.416585429087,259.841068277626
"572","2016-07-25","2016-07-25_21:37:09.005",308.752406279848,244.103005842004,229.940071034234,258.265940649774
"573","2016-07-25","2016-07-25_21:37:09.009",185.593163939441,244.094779473698,229.9321548584,258.257404088995
"574","2016-07-25","2016-07-25_21:37:09.680",242.062417002005,242.762508381952,228.657521254487,256.867495509417
"575","2016-07-25","2016-07-25_21:37:09.684",193.643950131984,242.754853588706,228.650243825076,256.859463352336
"576","2016-07-25","2016-07-25_21:37:10.334",221.577315902988,241.5161501995,227.477084761306,255.555215637694
"577","2016-07-25","2016-07-25_21:37:10.976",195.506143537181,240.303506161656,226.336798759828,254.270213563485
"578","2016-07-25","2016-07-25_21:37:10.980",243.924725473887,240.295988029238,226.329753267537,254.262222790939
"579","2016-07-25","2016-07-25_21:37:11.644",225.301839908383,239.054952063724,225.170582213475,252.939321913973
"580","2016-07-25","2016-07-25_21:37:12.316",223.439575692801,237.814369710118,224.019039245469,251.609700174766
"581","2016-07-25","2016-07-25_21:37:12.976",209.789020011201,236.61285891208,222.910018367584,250.315699456577
"582","2016-07-25","2016-07-25_21:37:14.940",187.05898618765,233.154380739268,219.746977613045,246.561783865492
"583","2016-07-25","2016-07-25_21:37:16.019",351.272371050315,231.341529353402,218.103341621495,244.57971708531
"584","2016-07-25","2016-07-25_21:37:16.301",203.888489432255,230.879260994083,217.685568727958,244.072953260208
"585","2016-07-25","2016-07-25_21:37:16.940",178.185083248283,229.850684672683,216.757834702777,242.94353464259
"586","2016-07-25","2016-07-25_21:37:18.930",397.357412290699,226.83140878897,214.049033673109,239.613783904832
"587","2016-07-25","2016-07-25_21:37:18.931",395.687379282215,226.829967148437,214.047745755234,239.612188541641
"588","2016-07-25","2016-07-25_21:37:19.565",200.32054963364,225.932267076049,213.246942567718,238.61759158438
"589","2016-07-25","2016-07-25_21:37:19.568",200.32054963364,225.928098216301,213.243229448449,238.612966984153
"590","2016-07-25","2016-07-25_21:37:19.569",198.650978716469,225.92670887475,213.241992002441,238.61142574706
"591","2016-07-25","2016-07-25_21:37:20.210",175.277397058186,225.053631761762,212.465678942772,237.641584580751
"592","2016-07-25","2016-07-25_21:37:20.211",175.277397058186,225.052297622599,212.464494801363,237.640100443836
"593","2016-07-25","2016-07-25_21:37:20.214",175.277397058186,225.048295415069,212.460942605176,237.635648224961
"594","2016-07-25","2016-07-25_21:37:21.519",175.277397058186,223.384796321051,210.990758321483,235.778834320619
"595","2016-07-25","2016-07-25_21:37:22.864",180.40929130827,221.84190923425,209.642537190951,234.04128127755
"596","2016-07-25","2016-07-25_21:37:22.868",277.44038261783,221.837595530372,209.638796376844,234.0363946839
"597","2016-07-25","2016-07-25_21:37:23.611",177.004927179719,221.072032616589,208.986104853105,233.157960380072
"598","2016-07-25","2016-07-25_21:37:24.706",246.797583940963,220.065988504317,208.164999679779,231.966977328856
"599","2016-07-25","2016-07-25_21:37:25.319",212.929965905953,219.561200176196,207.769926737113,231.35247361528
"600","2016-07-25","2016-07-25_21:37:25.973",193.272171791067,219.064940577987,207.392950040785,230.73693111519
"601","2016-07-25","2016-07-25_21:37:25.977",191.634047256396,219.062032991187,207.390774592478,230.733291389896
"602","2016-07-25","2016-07-25_21:37:27.246",230.950096560503,218.211644718273,206.77021077745,229.653078659097
"603","2016-07-25","2016-07-25_21:37:27.854",250.19669477511,217.85079344245,206.515103710313,229.186483174586
"604","2016-07-25","2016-07-25_21:37:27.858",215.395883230901,217.848510114196,206.513501326261,229.183518902131
"605","2016-07-25","2016-07-25_21:37:28.467",227.974489201201,217.513778002924,206.279714063837,228.74784194201
"606","2016-07-25","2016-07-25_21:37:28.471",221.218663522068,217.51166120617,206.27824083203,228.74508158031
"607","2016-07-25","2016-07-25_21:37:29.086",227.974489201201,217.197950324691,206.060023048415,228.335877600967
"608","2016-07-25","2016-07-25_21:37:30.372",165.485492403967,216.608055128273,205.643965073286,227.572145183261
"609","2016-07-25","2016-07-25_21:37:30.378",163.796675003197,216.605482711957,205.642112055556,227.568853368358
"610","2016-07-25","2016-07-25_21:37:30.996",170.551968102635,216.34798989987,205.453804768717,227.242175031024
"611","2016-07-25","2016-07-25_21:37:31.000",168.863138953686,216.346368314569,205.452598767735,227.240137861403
"612","2016-07-25","2016-07-25_21:37:31.617",195.510465978352,216.102212667592,205.267474410516,226.936950924669
"613","2016-07-25","2016-07-25_21:37:32.891",231.967486926163,215.626470109145,204.881545038307,226.371395179984
"614","2016-07-25","2016-07-25_21:37:34.161",178.939707586144,215.169758086284,204.473460194705,225.866055977864
"615","2016-07-25","2016-07-25_21:37:36.118",198.824663764243,214.443082215656,203.757835080545,225.128329350767
"616","2016-07-25","2016-07-25_21:37:36.776",215.395883230901,214.179062517759,203.485824350819,224.872300684698
"617","2016-07-25","2016-07-25_21:37:37.431",170.654472475833,213.900747315475,203.19655877305,224.6049358579
"618","2016-07-25","2016-07-25_21:37:38.033",197.167562950215,213.628399345319,202.913066674892,224.343732015746
"619","2016-07-25","2016-07-25_21:37:38.078",195.510465978352,213.607550501765,202.891373176053,224.323727827477
"620","2016-07-25","2016-07-25_21:37:39.226",172.830007815088,213.18405943266,202.438856080368,223.929262784953
"621","2016-07-25","2016-07-25_21:37:39.256",167.795547749234,213.175605669032,202.429422774111,223.921788563954
"622","2016-07-25","2016-07-25_21:37:39.378",174.508168854856,213.142495707416,202.392198696053,223.89279271878
"623","2016-07-25","2016-07-25_21:37:41.967",216.46344359359,212.83829294184,201.942719836332,223.733866047348
"624","2016-07-25","2016-07-25_21:37:41.973",216.46344359359,212.838292025753,201.942240957472,223.734343094034
"625","2016-07-25","2016-07-25_21:37:42.677",177.864502461352,212.853779224245,201.896945383983,223.810613064506
"626","2016-07-25","2016-07-25_21:37:42.683",177.864502461352,212.854031165486,201.896639529192,223.81142280178
"627","2016-07-25","2016-07-25_21:37:45.194",242.854178236954,213.050904591679,201.807373578222,224.294435605135
"628","2016-07-25","2016-07-25_21:37:45.828",247.985752048316,213.102758277728,201.773747846792,224.431768708664
"629","2016-07-25","2016-07-25_21:37:45.832",201.802856539316,213.103054018793,201.773493094539,224.432614943047
"630","2016-07-25","2016-07-25_21:37:47.164",167.595144843188,213.164736938401,201.647286529191,224.682187347612
"631","2016-07-25","2016-07-25_21:37:47.167",167.595144843188,213.164770251969,201.646891711446,224.682648792493
"632","2016-07-25","2016-07-25_21:37:48.605",275.354740944569,213.101675036196,201.382183801912,224.821166270479
"633","2016-07-25","2016-07-25_21:37:48.611",275.354740944569,213.101027912997,201.380724694302,224.821331131693
"634","2016-07-25","2016-07-25_21:37:49.184",177.85729387894,213.021685297941,201.225730367432,224.81764022845
"635","2016-07-25","2016-07-25_21:37:49.319",271.933562508161,212.997648012487,201.184494157365,224.810801867609
"636","2016-07-25","2016-07-25_21:37:49.325",273.644149768326,212.996529812703,201.182617790389,224.810441835016
"637","2016-07-25","2016-07-25_21:37:49.961",185.395121233063,212.852584916717,200.961685369979,224.743484463456
"638","2016-07-25","2016-07-25_21:37:49.966",336.169996129349,212.851244926295,200.959769026473,224.742720826118
"639","2016-07-25","2016-07-25_21:37:50.608",346.569355935025,212.649930898613,200.688807039514,224.611054757711
"640","2016-07-25","2016-07-25_21:37:50.611",388.168204927682,212.648849338886,200.687421605769,224.610277072003
"641","2016-07-25","2016-07-25_21:37:50.963",206.189893489431,212.524033018188,200.526969505227,224.52109653115
"642","2016-07-25","2016-07-25_21:37:51.250",206.189893489431,212.425306805948,200.399215356572,224.451398255324
"643","2016-07-25","2016-07-25_21:37:55.230",194.323171934418,211.324863788214,198.898594393224,223.751133183204
"644","2016-07-25","2016-07-25_21:37:56.668",266.596568038964,211.043143941414,198.473125569731,223.613162313098
"645","2016-07-25","2016-07-25_21:37:57.243",294.180509674961,210.946559965083,198.319131360759,223.573988569408
"646","2016-07-25","2016-07-25_21:37:58.789",237.174727466821,210.730450337941,197.948752972176,223.512147703707
"647","2016-07-25","2016-07-25_21:37:59.448",259.382143617679,210.65697129691,197.809518619756,223.504423974065
"648","2016-07-25","2016-07-25_21:37:59.453",208.550507020519,210.656455152644,197.808503506183,223.504406799104
"649","2016-07-25","2016-07-25_21:38:00.839",191.023120095013,210.536752365191,197.550425800867,223.523078929515
"650","2016-07-25","2016-07-25_21:38:00.845",191.023120095013,210.53633347106,197.549407513526,223.523259428595
"651","2016-07-25","2016-07-25_21:38:01.526",215.561571439478,210.494191033561,197.439207427413,223.549174639709
"652","2016-07-25","2016-07-25_21:38:02.165",231.336695469722,210.464200934157,197.345301740774,223.583100127539
"653","2016-07-25","2016-07-25_21:38:02.819",226.980531609984,210.442807502644,197.258428154465,223.627186850823
"654","2016-07-25","2016-07-25_21:38:03.496",225.260730458262,210.430278008998,197.178039896384,223.682516121611
"655","2016-07-25","2016-07-25_21:38:04.292",228.700336603872,210.427645415375,197.095514631293,223.759776199457
"656","2016-07-25","2016-07-25_21:38:04.976",278.576352823144,210.435467376249,197.034589961104,223.836344791394
"657","2016-07-25","2016-07-25_21:38:05.071",221.821139681777,210.437271624202,197.026839042909,223.847704205496
"658","2016-07-25","2016-07-25_21:38:05.780",226.078285548667,210.456125799663,196.974327969904,223.937923629421
"659","2016-07-25","2016-07-25_21:38:05.786",189.270402940656,210.456325335795,196.973923166094,223.938727505496
"660","2016-07-25","2016-07-25_21:38:48.921",235.234410119867,215.699672681449,199.137517325331,232.261828037567
"661","2016-07-25","2016-07-25_21:38:49.575",235.234410119867,215.634659111811,199.062027028483,232.207291195138
"662","2016-07-25","2016-07-25_21:38:51.512",199.046746365974,215.437217512466,198.824621438195,232.049813586738
"663","2016-07-25","2016-07-25_21:38:54.726",222.376878376771,215.09343689127,198.375850549631,231.811023232909
"664","2016-07-25","2016-07-25_21:38:56.786",182.459055099351,214.862434573808,198.044297036344,231.680572111273
"665","2016-07-25","2016-07-25_21:38:57.473",197.53842616388,214.78353877939,197.924919767337,231.642157791442
"666","2016-07-25","2016-07-25_21:38:59.918",195.709161099979,214.495192072986,197.460088290157,231.530295855816
"667","2016-07-25","2016-07-25_21:38:59.923",195.709161099979,214.494590277058,197.459069638118,231.530110915998
"668","2016-07-25","2016-07-25_21:39:01.332",197.53842616388,214.323033168276,197.160134866966,231.485931469587
"669","2016-07-25","2016-07-25_21:39:03.446",207.169880938811,214.058239182415,196.664455632406,231.452022732424
"670","2016-07-25","2016-07-25_21:39:10.971",204.071215169505,213.043178571574,194.363178486838,231.723178656309
"671","2016-07-25","2016-07-25_21:39:13.476",234.878314288667,212.67998818967,193.385926693243,231.974049686098
"672","2016-07-25","2016-07-25_21:39:15.193",192.518816514855,212.423702887063,192.649683691858,232.197722082269
"673","2016-07-25","2016-07-25_21:39:15.759",205.996628919506,212.337907191386,192.394862846846,232.280951535926
"674","2016-07-25","2016-07-25_21:39:18.828",233.981394935709,211.861334481283,190.90644980088,232.816219161686
"675","2016-07-25","2016-07-25_21:39:19.404",202.780553723519,211.769745659859,190.606788080768,232.932703238951
"676","2016-07-25","2016-07-25_21:39:19.967",228.131159351717,211.679567546668,190.30763329918,233.051501794156
"677","2016-07-25","2016-07-25_21:39:21.220",271.033721432376,211.476536892305,189.619572968666,233.333500815945
"678","2016-07-25","2016-07-25_21:39:43.951",177.58201833357,207.226913738951,171.89887094619,242.554956531711
"679","2016-07-25","2016-07-25_21:39:44.668",240.483833091744,207.075166630489,171.18561661117,242.964716649808
"680","2016-07-25","2016-07-25_21:39:45.378",197.932137052618,206.923820326967,170.470529232147,243.377111421786
"681","2016-07-25","2016-07-25_21:39:48.263",192.82315393338,206.297754733843,167.475647657569,245.119861810116
